{"Death Knight": {"pvp": 0.1940320214521452, "other": 0.30155338507877666, "pve": 0.22939665845351648}, "Demon Hunter": {"pvp": 0.06320109649122807, "other": 0.20035210653753024, "pve": 0.22678166154309826}}