{"Demon Hunter": {"pve": 0.22678166154309826, "pvp": 0.06361450892857143, "other": 0.1999405301204819}, "Death Knight": {"pve": 0.2300731326884742, "pvp": 0.1940320214521452, "other": 0.30155338507877666}}