{"Demon Hunter": {"Raid": 0.37134370147255685, "Battleground": -0.09266862745098037, "other": 0.17147824674324344, "Dungeon": 0.16987069035008684, "Arena": 0.05627916666666667}, "Death Knight": {"Raid": 0.21201824272300474, "Battleground": 0.0869175566343042, "other": 0.2182704544931504, "Dungeon": 0.18829106650465421, "Arena": 0.1037275429405916}}