{"Druid": {"Raid": [0.31582439988032257, 378], "Arena": [0.20411064389101743, 261], "Dungeon": [0.3346822994495141, 1999], "other": [0.3180714412422736, 3634], "Battleground": [0.25891044033852856, 117]}, "Mage": {"Raid": [0.22181857631071722, 612], "Arena": [0.1854547458452011, 497], "Dungeon": [0.22778360337140358, 3197], "other": [0.2720970349799934, 6372], "Battleground": [0.13957480211097145, 310]}, "Paladin": {"Raid": [0.43951474445184346, 923], "Arena": [0.3195460913544431, 611], "Dungeon": [0.3724830685173411, 3616], "other": [0.3707999974530535, 6475], "Battleground": [0.3097441378388785, 241]}, "Death Knight": {"Raid": [0.21629950138621618, 560], "Arena": [0.12169009902523176, 324], "Dungeon": [0.18836429921875206, 3349], "other": [0.21300149989158756, 4078], "Battleground": [0.11039527290448344, 114]}, "Rogue": {"Raid": [0.15162615305741983, 298], "Arena": [0.278561234940985, 260], "Dungeon": [0.16361958805630403, 1709], "other": [0.21911614130778553, 3320], "Battleground": [0.10339176530612246, 140]}, "Monk": {"Raid": [0.3612760708548782, 360], "Arena": [0.31572566576006184, 267], "Dungeon": [0.32662815966531644, 1737], "other": [0.3289910987026708, 3225], "Battleground": [0.16539456023048485, 146]}, "Shaman": {"Raid": [0.3767190932782688, 825], "Arena": [0.3620181988902783, 576], "Dungeon": [0.32870100352406273, 3466], "other": [0.33632015907522556, 6130], "Battleground": [0.23929804103174604, 250]}, "Warlock": {"Raid": [0.17020988999363115, 842], "Arena": [0.14850928249039927, 696], "Dungeon": [0.16851207460954137, 3912], "other": [0.2151812420856399, 7028], "Battleground": [0.07109899005545993, 415]}, "Demon Hunter": {"Raid": [0.3713437014725569, 83], "Arena": [0.056279166666666644, 36], "Dungeon": [0.16987069035008684, 517], "other": [0.17147824674324347, 740], "Battleground": [-0.0926686274509804, 17]}, "Warrior": {"Raid": [0.06215660687853648, 1009], "Arena": [0.08965282180312213, 867], "Dungeon": [0.10315918393724684, 4720], "other": [0.18143360167982783, 9212], "Battleground": [0.06326170289019564, 413]}, "Priest": {"Raid": [0.39693404219797424, 782], "Arena": [0.18695116101095188, 514], "Dungeon": [0.3345731533432105, 3224], "other": [0.3441490752673679, 5385], "Battleground": [0.25227112821565406, 232]}, "Hunter": {"Raid": [0.2858638037378072, 799], "Arena": [0.1865294972703961, 614], "Dungeon": [0.2589557444437604, 4642], "other": [0.2877596675296898, 7362], "Battleground": [0.1373579136039203, 298]}}