{"Demon Hunter": {"Raid": [0.3767098478835979, 84], "Battleground": [-0.09266862745098041, 17], "other": [0.1788343291721255, 757], "Dungeon": [0.173765962863641, 528], "Arena": [0.056279166666666686, 36]}, "Warrior": {"Raid": [0.062156606878536476, 1009], "Battleground": [0.06326170289019563, 413], "other": [0.18143360167982786, 9212], "Dungeon": [0.10315918393724684, 4720], "Arena": [0.08965282180312213, 867]}, "Death Knight": {"Raid": [0.2120182427230047, 503], "Battleground": [0.0869175566343042, 103], "other": [0.21827045449315038, 3759], "Dungeon": [0.18829106650465421, 3032], "Arena": [0.1037275429405916, 298]}}