{"Death Knight": {"other": 0.053124440760582446, "Dungeon": 0.04409735349146519, "Arena": 0.016847200521007265, "Raid": 0.04538521250280412, "Battleground": 0.01808097797044226}, "Demon Hunter": {"other": 0.038552039321339104, "Dungeon": 0.03297886037491717, "Arena": 0.010383017499349466, "Raid": 0.06604634827265467, "Battleground": -0.013692674897119344}}