{"Death Knight": {"Raid": [0.2162995013862162, 560], "Arena": [0.12169009902523176, 324], "other": [0.2130014998915876, 4078], "Battleground": [0.11039527290448344, 114], "Dungeon": [0.18836429921875208, 3349]}, "Paladin": {"Raid": [0.4395147444518434, 923], "Arena": [0.3195460913544431, 611], "other": [0.37079999745305353, 6475], "Battleground": [0.3097441378388785, 241], "Dungeon": [0.37248306851734114, 3616]}, "Monk": {"Raid": [0.3612760708548782, 360], "Arena": [0.31572566576006184, 267], "other": [0.3289910987026708, 3225], "Battleground": [0.1653945602304849, 146], "Dungeon": [0.32662815966531644, 1737]}, "Warrior": {"Raid": [0.062156606878536476, 1009], "Arena": [0.08965282180312212, 867], "other": [0.18143360167982786, 9212], "Battleground": [0.06326170289019563, 413], "Dungeon": [0.10315918393724684, 4720]}, "Warlock": {"Raid": [0.17020988999363118, 842], "Arena": [0.1485092824903993, 696], "other": [0.2151812420856399, 7028], "Battleground": [0.07109899005545993, 415], "Dungeon": [0.16851207460954137, 3912]}, "Hunter": {"Raid": [0.2858638037378072, 799], "Arena": [0.1865294972703961, 614], "other": [0.2877596675296898, 7362], "Battleground": [0.1373579136039203, 298], "Dungeon": [0.25895574444376046, 4642]}, "Rogue": {"Raid": [0.15162615305741983, 298], "Arena": [0.27856123494098495, 260], "other": [0.21911614130778553, 3320], "Battleground": [0.10339176530612247, 140], "Dungeon": [0.163619588056304, 1709]}, "Priest": {"Raid": [0.39693404219797424, 782], "Arena": [0.18695116101095186, 514], "other": [0.3441490752673679, 5385], "Battleground": [0.25227112821565406, 232], "Dungeon": [0.3345731533432105, 3224]}, "Mage": {"Raid": [0.22181857631071722, 612], "Arena": [0.1854547458452011, 497], "other": [0.2720970349799934, 6372], "Battleground": [0.13957480211097148, 310], "Dungeon": [0.22778360337140363, 3197]}, "Demon Hunter": {"Raid": [0.37134370147255696, 83], "Arena": [0.05627916666666667, 36], "other": [0.17147824674324344, 740], "Battleground": [-0.09266862745098038, 17], "Dungeon": [0.16987069035008684, 517]}, "Shaman": {"Raid": [0.37671909327826886, 825], "Arena": [0.3620181988902783, 576], "other": [0.33632015907522556, 6130], "Battleground": [0.23929804103174604, 250], "Dungeon": [0.32870100352406273, 3466]}, "Druid": {"Raid": [0.3158243998803225, 378], "Arena": [0.20411064389101746, 261], "other": [0.3180714412422736, 3634], "Battleground": [0.2589104403385286, 117], "Dungeon": [0.3346822994495141, 1999]}}